manager,cik,sec_name
Berkshire Hathaway,1067983,BERKSHIRE HATHAWAY INC
Himalaya Capital,1709323,Himalaya Capital Management LLC
Duquesne Family Office,1536411,Duquesne Family Office LLC
Third Point LLC,1040273,Third Point LLC
Baupost Group,1061768,BAUPOST GROUP LLC/MA
Dalal Street LLC,1549575,"Dalal Street, LLC"
Akre Capital Management,1112520,AKRE CAPITAL MANAGEMENT LLC
Gardner Russo & Quinn,860643,GARDNER RUSSO & QUINN LLC
Fairholme Capital,1056831,FAIRHOLME CAPITAL MANAGEMENT LLC
Southeastern Asset Management,807985,SOUTHEASTERN ASSET MANAGEMENT INC/TN/
Davis Selected Advisers,1036325,DAVIS SELECTED ADVISERS
Harris Associates,813917,HARRIS ASSOCIATES L P
Ruane Cunniff,1720792,"Ruane, Cunniff & Goldfarb L.P."
Icahn Carl,921669,ICAHN CARL C
TCI Fund Management,1647251,TCI Fund Management Ltd
Appaloosa LP,1656456,Appaloosa LP
Fairfax Financial,915191,FAIRFAX FINANCIAL HOLDINGS LTD/ CAN
Markel Group,1096343,MARKEL GROUP INC.
Daily Journal Corp,783412,DAILY JOURNAL CORP
Gates Foundation Trust,1166559,GATES FOUNDATION TRUST
Tweedy Browne,732905,"Tweedy, Browne Co LLC"
Dodge & Cox,200217,DODGE & COX
Maverick Capital,934639,MAVERICK CAPITAL LTD
Wedgewood Partners,859804,WEDGEWOOD PARTNERS INC
Weitz Investment Management,883965,"WEITZ INVESTMENT MANAGEMENT, INC."
Brave Warrior Advisors,1553733,"Brave Warrior Advisors, LLC"
Yacktman Asset Management,905567,YACKTMAN ASSET MANAGEMENT LP
Oaktree Capital Management,949509,OAKTREE CAPITAL MANAGEMENT LP
Polen Capital,1034524,POLEN CAPITAL MANAGEMENT LLC
Trian Fund Management,1345471,"TRIAN FUND MANAGEMENT, L.P."
Pzena Investment Management,1027796,PZENA INVESTMENT MANAGEMENT LLC
Hotchkis & Wiley,1164833,HOTCHKIS & WILEY CAPITAL MANAGEMENT LLC
Cooke & Bieler,24386,COOKE & BIELER LP
Diamond Hill Capital,1217541,"Diamond Hill Capital Management, LLC (Investment Advisor)"
Mairs & Power,1070134,MAIRS & POWER INC
Torray LLC,98758,TORRAY INVESTMENT PARTNERS LLC
Royce & Associates,906304,ROYCE & ASSOCIATES LP
Third Avenue Management,1099281,THIRD AVENUE MANAGEMENT LLC
Donald Smith & Co,814375,"DONALD SMITH & CO., INC."
LSV Asset Management,1050470,LSV ASSET MANAGEMENT
Miller Value Partners,1135778,"MILLER VALUE PARTNERS, LLC"
Gotham Asset Management,1510387,"Gotham Asset Management, LLC"
GAMCO Investors,807249,"GAMCO INVESTORS, INC. ET AL"
Ariel Investments,936753,"ARIEL INVESTMENTS, LLC"
Clarkston Capital,1562855,"Clarkston Capital Partners, LLC"
Chou Associates,1389403,Chou Associates Management Inc.
Cannell Capital,1058854,CANNELL CAPITAL LLC
First Pacific Advisors,1377581,"First Pacific Advisors, LP"
ShawSpring Partners,1766908,ShawSpring Partners LLC
Greenlea Lane Capital,1766504,"GREENLEA LANE CAPITAL MANAGEMENT, LLC"
Jensen Investment Management,1106129,JENSEN INVESTMENT MANAGEMENT INC
Kahn Brothers,1039565,KAHN BROTHERS GROUP INC
Vulcan Value Partners,1556785,"Vulcan Value Partners, LLC"
Sound Shore Management,820124,SOUND SHORE MANAGEMENT INC /CT/
Smead Capital Management,1427008,"Smead Capital Management, Inc."
AltaRock Partners,1631014,ALTAROCK PARTNERS LP
Prescott General Partners,1538653,Prescott General Partners LLC
Private Capital Management,1588456,"Private Capital Management, LLC"
Greenhaven Associates,846222,GREENHAVEN ASSOCIATES INC
Semper Augustus,1115373,SEMPER AUGUSTUS INVESTMENTS GROUP LLC
Dorsey Asset Management,1671657,"Dorsey Asset Management, LLC"
AKO Capital,1376879,AKO CAPITAL LLP
Lone Pine Capital,1061165,LONE PINE CAPITAL LLC
Glenview Capital,1138995,"GLENVIEW CAPITAL MANAGEMENT, LLC"
Abrams Capital Management,1358706,"ABRAMS CAPITAL MANAGEMENT, L.P."
Cascade Investment,919447,"CASCADE INVESTMENT GROUP, INC."
Hound Partners,1353316,"Hound Partners, LLC"
Barrow Hanley Mewhinney,313028,BARROW HANLEY MEWHINNEY & STRAUSS LLC
Eagle Capital Management,945631,EAGLE CAPITAL MANAGEMENT LLC
Giverny Capital,1641864,Giverny Capital Inc.
Egerton Capital,1581811,Egerton Capital (UK) LLP
Lindsell Train,1484150,Lindsell Train Ltd
Hennessy Advisors,1145255,HENNESSY ADVISORS INC
Bridges Investment Management,1007295,BRIDGES INVESTMENT MANAGEMENT INC
Tocqueville Asset Management,883961,TOCQUEVILLE ASSET MANAGEMENT L.P.
Boston Partners,1386060,Boston Partners
